"id","s1"
"4465400",1953.47395796292
"608629349064811166",1908.50441604413
"981894508939312892",1889.91861111758
"52014961",1908.43698552023
"836285112356489303",1825.77645309513
"729730483477613494",2104.48448433561
"944215862491317970",1049.86571556093
"903006033557171147",1866.03298505976
"564880673945279487",1565.7605523604
"764443008812380227",2141.14604809161
"1011226885622723129",1752.69137434531
"13111653",1908.35355306663
"4075378",1583.04510197831
"840731158280306977",1897.6062105793
"628492950660821905",1834.18050172407
"18829637",1664.44388456226
"9074376",1786.71127674676
"1023654063534177793",1890.36901720834
"32186644",2066.980771901
"51517972",1952.244632399
"930044757866918155",1958.02933843985
"47730733",1892.20098357512
"644832400238584702",1819.87546958488
"563811005512806585",2007.9355159157
"946658103976441380",1823.62602701185
"641935676868138681",1966.35996309419
"36575124",1608.12712491979
"10992078",1625.6872978445
"792767566503426938",2063.69542300673
"28374232",1943.94521823771
"903719953366256795",1966.23585842975
"40448057",1963.1664766955
"21100013",1889.79228915579
"38131507",1882.98466627907
"3742414",1733.56525599185
"41269818",1982.663263784
"51659675",1735.10127204939
"711026764081424364",1964.48859987872
"34312548",1635.0953484509
"12156919",1806.31517893942
"22943194",1817.26651659302
"641286360676071042",1920.62730330332
"841410712756779955",1907.54096141761
"46585029",1973.35530470117
"11242550",1723.44146052041
"28364428",1620.56171835782
"633435043601003244",1897.46283237462
"19434101",1946.14614196755
"919835952050197567",1995.01610550708
"46101575",1786.62082427764
"943608459019031145",937.630906705263
"51657992",1912.3223133291
"932459421467233660",1906.57750679108
"52799181",2017.56371362327
"29998069",1789.72460388696
"36324641",1906.49894192238
"35939545",1901.58660633721
"717551955250963710",1932.57258326368
"29214094",1986.57989992789
"996726509410904870",1713.18195547711
"53514361",1869.97718536088
"17703644",1778.54646005975
"48258797",1892.48992511261
"1016326008395573822",953.944460759456
"54267773",1976.8929582139
"34180296",2015.88556461157
"17497419",1897.87414558091
"1010953851934743611",1770.29021055621
"979911523694843918",2020.8075378612
"1037980108699410965",1897.37644817776
"53741351",1697.30858369192
"923533539114172105",2019.8283255598
"53223007",2016.2661203144
"969545323180749749",1763.31097704407
"30204180",1893.05289594832
"38880792",1894.15154597612
"811650296544480046",1799.04009325649
"39205913",2016.76986535198
"917042757640231846",1858.6654927003
"591501265133490901",2010.72907876849
"706517007757035755",1560.88703044793
"4256725",1998.84195577156
"1030539740098574302",1756.56866227212
"853117164964826858",1977.14369899698
"39894314",2017.65416609239
"30464949",1908.50441604413
"792883005062628538",1673.63213697378
"47920470",1811.21830343993
"22102093",1785.33948933153
"16243231",1735.64872353302
"908213423748310861",1975.7367547977
"914167814583406410",1844.288057977
"656093243302306911",2060.43956360351
"1031887036489081599",1701.51776873388
"883766409415372796",2004.2921168305
"944225705256990863",2036.6431340286
"45237387",1769.10747185802
"824951093312674964",1859.28482091826
"685477917083219830",1971.00151511593
"941442136067315095",1958.42948287769
"787674726735576470",1730.95588048368
"654546537869049186",1874.57796065737
"611121379258353622",1962.66901175983
"924773797588718230",1492.55904829977
"959579294765184094",1811.01043250782
"34655839",2037.48173340688
"11393844",1788.65452445927
"908270876253804815",1998.83450565329
"983323697917070885",1927.85869440314
"969146111815050827",1696.75504801034
"42591398",1908.50441604413
"38324966",2017.65416609239
"619599861618191200",1910.60462650968
"806270279530380112",1907.54096141761
"688544334661194671",1668.94296344551
"13617271",1631.89316469666
"29736759",1866.8697485536
"44269319",2017.42803491959
"25314294",1604.10590005923
"12245225",1821.75910212916
"46215685",1915.60044508921
"36841352",1841.23246416264
"634854307981905605",2091.52766280559
"994904719094409277",1958.36396100351
"686907478188369765",1996.05897781235
"956226912381732798",1814.86787151232
"22326190",1926.13280380313
"955171759960993588",1908.50441604413
"800970191867596004",2005.48867607115
"905407437025820797",1367.63697829618
"732724971469976884",1813.24352156891
"713271",1761.84054849348
"702366281800944724",2002.78363565714
"939503106846943236",1733.98505627876
"927692108400643914",2013.84858457122
"985167961387919079",1910.35658937963
"196722",1722.39222032455
"1026860427303774188",1898.80837726191
"624723728831681250",1829.87799483305
"13996470",1933.31310862617
"645380488250317455",2015.23064141512
"704265965203455871",2117.69580933507
"857547425681870506",1920.11350426634
"916904518849278671",1941.42338761112
"49924638",1931.87304813134
"713925697989494857",1795.15506495448
"50704191",1999.68548796965
"26047",1874.0841770138
"1291394",1939.77833045931
"41723288",1870.88424321306
"22692270",1704.39174113997
"906613439128557258",1804.94647666368
"917662077646663730",2017.14465144226
"53612566",1979.70038555847
"757429830415010252",1904.0276965891
"7804061",1853.12098860488
"18812413",1827.15935844849
"655709011871500958",1863.47433200259
"498112",1810.92697853974
"816757366853117057",1812.24824477286
"916108130169742809",1795.98789521527
"1021818741561711720",1831.94583450047
"750296793958003198",1995.82350542882
"1015935",1594.5138803836
"23172118",1775.32443301092
"896692070449107148",1981.0102418528
"3130486",1829.16851963244
"640593750402489550",1991.73819684218
"31039997",1863.69327782187
"892602680656699069",1882.1484359346
"980871365948717515",1878.02902224937
"684585572455552764",1714.09723128776
"18993540",1778.03058319298
"686132301906727786",1908.50441604413
"27880864",2010.47797721445
"648571715106497356",1719.60997771606
"22551920",1727.92024323973
"48960147",1940.70542247167
"43140470",1942.46454943895
"1020452280405309693",1802.68965882267
"52740070",1829.20667962829
"1020934462740230479",1939.90639581231
"1223989",1867.38869722753
"970485241341974364",1911.43663899979
"847398646238437144",1933.09092343753
"944911393949960465",1707.35304890209
"912925970585391192",1797.72555531967
"39560367",1130.28263459544
"29187281",2136.98075250745
"640471776476857550",1892.40510439486
"33041847",1918.45981783517
"34339291",1968.16054952926
"929357162785899439",1829.08483934152
"6732143",1738.30224482534
"4120301",1521.50410547004
"35806049",1811.89201240584
"591513009241652117",2015.09284332114
"40089922",1908.50441604413
"34045168",1818.64352624268
"24946452",1742.41151861067
"23413748",1908.50441604413
"754269133259938444",2035.54751915523
"751408343328701645",2028.51952189581
"4787924",1857.02942423383
"24253909",1680.5111011938
"929028648638965571",1959.05520897216
"53172196",1595.69100693527
"983273645789371192",1839.03207749928
"46995034",1823.6171972352
"39424317",2016.60025899675
"28760438",1808.56180126638
"41884019",1820.908728358
"899424111651588086",1367.12966925747
"679267569821552445",2046.45905648167
"968107664754833716",1829.37878364157
"777679941260560186",1831.52850455314
"648655367951170235",1864.93587178556
"1006532730540936312",1673.29568320898
"1014756736136699481",1859.09057318165
"848026711345020633",1572.44818539149
"961511526033300153",1523.88910676831
"1011153096655491988",1875.32317474511
"859577678298563830",1783.5258437464
"702876444293572136",1979.00856335301
"965152970102994187",1786.59786629329
"749710220230060023",1780.92697469771
"819526666335812869",1893.81941313352
"992780875974912327",1702.14763930048
"24474689",1705.84919078919
"73841",1866.57714132045
"575500580463866352",1827.56403523772
"47428119",1907.54096141761
"962440152949000270",1548.00236440078
"31317042",2002.83624138411
"42457349",1720.37553210239
"46340428",1835.15718423577
"807956993753714062",1696.75504801034
"755903457080295553",1746.1671118713
"20698187",1744.85732052371
"872368827432465536",1793.73169389655
"1024113865791624446",1992.14516152997
"605332606169282410",1977.68259421614
"28318264",1865.57111385017
"40635367",1829.33326201424
"49444222",1979.14234685266
"48756845",2015.86007039329
"2084273",1914.88681560167
"903126479621998105",1804.99487357159
"1014579986735937952",1714.09723128776
"34446877",1934.07913695285
"725580603628565216",2005.10287181995
"28331525",1986.13585636013
"888395632837630091",1611.96813977395
"924605295788499108",537.582690380543
"52594124",2023.77401921103
"42843544",1479.05595181193
"618433336469061058",2004.48981696506
"33803742",1925.16339231626
"652528955746967643",1828.61513883217
"32044207",1906.57750679108
"988532047627713512",2010.05810059088
"873536889577800875",2056.59854062534
"510948460468405144",1982.14768914982
"30147059",1704.70131508126
"26878524",1940.60948052398
"33657678",2011.43013325797
"19035665",1822.65906290103
"50200213",1966.41996496293
"798889942621016112",1994.32770743285
"43103070",1875.98887506468
"37215967",1902.80650417701
"966888926897524126",1864.12954522744
"38191572",2014.92210998505
"1009672862304504296",1319.32750645365
"572609209433746227",1749.47946331122
"854046532344088446",1964.2343635172
"41688366",2020.19013543628
"694174735980776361",1911.0659598913
"893065206116101081",1971.6739391308
"53282868",1952.72712814371
"882126103963167188",1955.46743969184
"30502873",1840.41250125459
"557360388521540150",1993.51359615703
"930541445678237295",1908.09369093772
"986515754825534706",1875.83951253251
"17911210",1980.38408327833
"47373270",2068.36951329022
"968816235939033273",1845.50881077187
"27903066",1781.53286384214
"13007169",2015.85163696002
"44317516",1676.15023286227
"42002656",1948.96969961685
"938538528479222423",1922.6280069349
"923208916196239749",1908.50441604413
"654545174431302984",1857.00729748637
"773143001560771560",1806.89337477374
"31445122",1602.53012460238
"539840891599271273",2022.8570051509
"23121835",1854.34364909049
"53675968",1934.70151235544
"22587726",1927.66505357103
"33786053",1650.74480686165
"31128900",1994.07550352894
"618160400027471214",2046.26775789414
"574795430216987558",1869.70378578069
"1024305364321446422",1879.03033014199
"28229609",1993.0920987035
"874607598592266223",1696.75504801034
"748524351823698628",1670.33088198292
"21701347",1868.26585456833
"1012385",1681.59903190942
"45911684",1658.74050376182
"48499335",1908.32936836908
"24658451",2015.93079084613
"51869906",1952.69308371407
"740073787325078758",2117.97486222141
"52086928",2005.76540214391
"24574485",2016.16196414453
"960935343000233165",1640.60443232527
"14261655",1566.12700974487
"46879080",1908.50441604413
"696702222183409636",1775.61453173932
"48562554",2153.6701311329
"773244868554161175",1715.10886473016
"894210550000758826",1747.13056649782
"37331659",1816.55307476092
"42937545",1802.56194739875
"928558980701087563",1960.84537753512
"888379139240892337",1969.46347312827
"15330197",1797.52070086027
"630450878058080908",2025.24863421595
"879154002670373999",1870.26933036316
"12853613",1655.20545057379
"6453318",2012.57449282274
"589943890853533309",1660.02688019461
"976362401453839525",1810.44360703702
"909623218753927140",2020.45760960144
"7749728",2016.8603178211
"16026015",1636.11938528941
"845284101352923786",1641.7105675324
"812686032484608574",1812.16452657082
"615502055752548982",1815.1490979794
"679796062201655304",1528.02056588997
"44704769",1492.37754507024
"7921570",1774.45387801599
"33837243",1926.80575511437
"703863098145595811",2018.13022172134
"696431875149792945",1808.14479423807
"49611171",2027.70477903987
"23976814",1740.81387942607
"43214742",1902.73614418329
"829079304829825241",1941.59629326624
"1141457",1638.42792517569
"968145198508026455",95.8751406977614
"53908651",1810.30038652106
"45531528",2112.46274937727
"53313118",1965.07435005655
"2675179",1831.02468649988
"48846092",1790.91379594462
"969744464140988284",1978.24925739515
"890037419970606150",1721.60841780901
"929673157473474479",1762.0372683216
"797991977818867890",1788.65343007767
"810923330649607464",1834.52885989425
"53130366",2073.36546895474
"848589895535725197",1853.94857578694
"50799718",1770.45237073073
"956436034381611363",1718.81627917491
"3340865",2061.49808634641
"631141582243461534",1737.88313210262
"933515456515658050",1739.46139329975
"38603948",1916.01883002084
"13297246",1708.96543847428
"17494290",1544.92843322418
"840610893638940966",1706.65587390548
"46449044",1746.71120510999
"923442041508805358",1985.61971291862
"24718014",2015.95843013774
"1019668851970808846",1903.03580999465
"935038586980817663",1771.81464799791
"638257517892456878",2005.28008760912
"972436673328558056",1819.69545973739
"972444849291136738",1823.62213747771
"685648100565353058",1849.75782511715
"611511432669901937",2009.04472568122
"21550757",1672.49540574548
"932887118507573731",1916.91182145917
"30051172",1832.6591878306
"780704802382483693",2040.31880955066
"858636557062356269",1821.796753337
"968201026280489678",1710.24341278166
"31387750",1908.50441604413
"17738026",1935.02915602463
"827493154825565862",1990.24595000343
"32043949",1919.60565159364
"28083134",1908.50441604413
"36036194",1623.35221747333
"11207279",1913.04483265816
"1043785105970341901",1714.09723128776
"888689379025049113",1937.3954004709
"940069738091986089",1908.50441604413
"49496849",1896.94296052585
"992219351762738324",1792.39413611629
"48087568",2000.13107787673
"1032625040159335264",964.346011160283
"821920671448074191",1908.42847110633
"32902275",1943.99880753147
"944206017889618398",1920.96460337271
"3563108",1723.79819576222
"1006158271672848672",1832.0099838004
"767518831556485268",1908.50441604413
"858363910971019719",1449.97064795932
"12336968",1718.21155476052
"53309359",1827.37568934808
"31494152",2048.93209883962
"1005713969110960909",1892.90789682826
"670293369748337563",2013.9211888245
"29780872",2015.93079084613
"53344603",1783.45910299071
"686300114488054568",1997.50457313041
"892745209554062365",1837.88270685245
"31240187",1754.54352777361
"36480754",1863.05359219079
"913689178509483854",1856.95388776278
"53401445",1946.26318987745
"53726311",1786.4399193394
"52385091",2089.59290360983
"32571178",2024.59509037086
"940922126273706344",2011.10607865094
"1010373029610726119",1937.84183606488
"967472637472188127",1914.22375220265
"44306270",1714.09723128776
"49118691",1361.93244554991
"53817474",1912.46030665394
"52474433",2049.45701230861
"944404458969711180",1924.13763448185
"10946286",1974.7965807957
"853592363607173468",1600.40784178491
"24183433",1928.98706206522
"8047959",1735.63616254614
"744976201908379359",1271.82151128396
"28674567",1892.24826954834
"591202087897623948",1669.82649728356
"22973593",2016.81509158654
"924702337739202739",1904.08967596698
"17383030",1756.24405427716
"672978756275835545",2185.69809421636
"909788917277258902",1869.86524683343
"743417639065038420",1714.09723128776
"765299972595687525",2021.0946601275
"995880456862146969",1971.69045518079
"11941603",1758.15547363556
"690169984520169423",2002.57175564866
"943588257553501001",1825.39419723669
"1037933039686294607",1715.10886473016
"29970776",1908.50441604413
"14595350",2071.1615070595
"850074702335810846",1980.24468989634
"36184209",2011.55955550423
"1043694259400656638",1879.2266740947
"40537372",1789.69642486013
"51388855",1747.50323408773
"47474716",1960.58051461761
"790553076076537355",1971.89336802025
"54283005",1927.08519106318
"841626624357250966",1757.7909614424
"26840662",1956.42005028622
"21188818",1675.70970178227
"930386188646732389",1829.7891683396
"1040993480897966249",1868.82512369387
"25074332",1594.96889501328
"1015562996305746436",1889.66697009027
"27514047",1647.88837506183
"644390721714287946",1908.50441604413
"43831987",1907.54096141761
"853889347583467160",1817.1436742647
"705719018408799994",2053.69049073216
"809769020944802389",1821.95677146542
"866204118838587582",1768.65815683996
"768398127667812806",1931.29842274694
"6425616",1676.26607900675
"633486950958651716",1889.26474227766
"969929897430359978",1912.64083399303
"54366570",1838.26320033806
"35922487",1971.01899661127
"311354",1354.99311320243
"913916909699172544",1997.59003093073
"976323374442198239",1765.53847033036
"51320938",1971.75736141479
"5759976",1926.9170962213
"608076159232440691",1991.7066838017
"992097956190910605",1728.25437494921
"978295577167464754",1714.09723128776
"29266447",1863.45843780658
"837772775743134643",1854.79362142969
"899203529162158615",2047.73620799419
"36715252",1817.32683627215
"891634053063785993",1754.54352777361
"16458904",1714.09723128776
"920249665610178383",1782.78573351878
"53664325",1723.53532706206
"922086786571862390",1911.7412510782
"962913804279248042",1991.65629770754
"650607262159929480",2091.38610252858
"44303204",1823.20175510146
"666577632708620176",1859.2896383743
"712249571998973299",1823.52209044206
"851057341643129120",1906.70610805767
"813135493729264472",1870.34461520454
"729242308875289923",1856.41822606464
"28544724",1857.0155064202
"1035078706077601688",1964.14332464065
"40177739",1967.27039538293
"905844527476556054",1847.01746795511
"6990532",1464.63509191252
"31101733",2026.35877006756
"54039081",1999.34109886285
"619021585782094652",1855.59594559215
"576324169204815575",1834.68244673437
"779915751176813089",1969.03039459692
"661711794147012289",1863.01588867286
"36478274",1755.6424362445
"10619943",1899.75132870911
"902085850609535776",1951.79853496221
"25752951",1915.88004359259
"38243837",1825.15630364611
"872759139209238330",1874.08792983972
"2709965",1691.0899437853
"7054627",1891.18465817466
"25346154",1838.22837975114
"24396414",1963.74796427373
"961826638045297199",1922.76327937788
"27377931",1702.67194384921
"12815958",1843.29330788917
"29236428",1954.68035727675
"858817206664004737",1714.09723128776
"911886937414711504",1779.43400848242
"830528538990494916",1899.06632026983
"953868647575548852",2015.83882835002
"27314632",1908.50441604413
"832673361143481015",2014.21252781452
"38067381",1916.10236151943
"34436113",2015.72725683935
"923245092886010715",1828.7107680177
"30133503",1713.83291447929
"2958786",1556.86625070883
"934374947047643891",1921.24251408279
"927653958939762248",1559.98250575672
"23370526",1984.06384991369
"883819612588751590",2025.41291357009
"40634680",1908.50441604413
"53812295",1995.65329437971
"964601331843112625",1826.86325435207
"749265621049306621",1924.7335801976
"42069280",1998.37291879585
"47908132",2032.68735948717
"30112138",1803.48469459624
"31646868",2015.04649010572
"800433241339540478",1907.54096141761
"674193493104024393",2060.46650876418
"952142875884116872",1785.66969547547
"45032739",1768.71040277473
"541472859148711343",1928.02655005911
"7679929",1969.02869833105
"995621102835223919",1291.12924557302
"933491626783305779",1497.25639949499
"6134895",1755.6197406159
"35941324",1246.37536842018
"52935965",1811.54984711406
"552199534066642003",1870.1955341761
"866740275981598597",1909.26311684392
"939961285038560811",1804.68536252679
"38266089",1956.28437158253
"953864476457366504",1668.81486384116
"976262118849452336",1825.4214478789
"960452988755682370",2030.23582576083
"45626100",2025.99958061064
"678321848015350158",1734.09697816306
"872852188124398534",1886.0510206285
"681151528493373084",1824.46068764766
"865184696356075536",1718.81627917491
"45243636",1752.36774917365
"1025809278895556122",1703.499230396
"50287231",1908.50441604413
"22696589",1939.76566192855
"6426269",1688.37809044011
"4493377",1825.28760250862
"961757210706931810",1847.98049780686
"1042182168385771289",1711.20686740819
"23020307",1937.30157690292
"975669649038301703",1821.34119112453
"773216148474833083",1571.10921718774
"892758192093887552",2039.69886286397
"54243757",2016.2095635943
"838660821598665306",1507.85108954267
"19094811",1969.44144466841
"1191143",1892.94544283894
"740020164783060026",1916.63056309291
"6416204",1657.98226285533
"36043428",1925.10078318857
"653493908624521531",1668.00695179063
"892314920827692115",1984.13613035977
"24755125",1687.38097028699
"21643708",1667.66700100402
"995120739216133478",1825.28236931323
"15481083",1910.91508813444
"42696012",1707.73716844275
"15514194",1874.91413530797
"52496643",1642.52426220764
"51753888",1992.34846772429
"934279591549320726",1839.07788386252
"42896340",1929.16947775093
"24699111",1848.75017474225
"29795231",1842.45629629737
"681249158664573887",1752.20054793616
"594560281009631016",1839.0877406478
"943490329235999776",1990.73661732503
"956267866287090390",1567.08666875079
"995196087341251849",1906.39969463935
"4856515",1726.10845834387
"751742278545937316",2033.60426919359
"52751384",1997.03112443574
"39985555",2056.7296434219
"762269555352822097",-39.5094472786624
"51604803",2022.14735289131
"35089036",1898.30229189317
"31934285",1735.79609820581
"21912",1578.23579912387
"751423757365207825",1988.98957119735
"755916944893858507",2061.58387142803
"918165541071668839",1668.81486384116
"18024",1908.50441604413
"898724730066153990",1823.53945778494
"22391348",2004.51771357768
"6660457",1640.66100826398
"881355111685243680",1978.70848633364
"851444520902730746",2066.21258091204
"581913215389516560",1746.3457624664
"942198381109067042",2020.00923049804
"634039127458505827",1842.18650955801
"47054062",1432.0032246929
"955353651684123845",1650.64996494765
"625844667500024063",2016.41935405851
"710837425541630897",1869.02322765181
"954030225758890340",1871.00855062712
"881917024842431156",1668.81486384116
"856831885630423028",1759.98898381024
"952931771957298874",1903.68714291151
"22422543",1744.97746271819
"14555310",1849.16968466972
"846423776304850185",1998.97183857245
"45715295",1814.53066346275
"1036018666584943350",1811.86974653845
"687073071466085759",2188.19850758009
"928370823275734824",2026.18534464161
"38847417",1996.70001493249
"48227761",1585.95255904647
"611761422268205294",2078.46595066259
"762337352924239148",1918.734494042
"18638495",2013.41356732858
"27023757",1935.97968264562
"787070840956286074",1973.62422658089
"793625566805364379",1898.76157363249
"829193558827888044",1907.54096141761
"3309313",1559.64713950637
"969710158705702652",1742.41151861067
"50330531",1978.25180325671
"42097672",1983.07854137699
"698081321110887201",1563.6835986349
"654668434867588387",1863.16609060091
"8941830",1523.42562480518
"597765578414885881",1993.80589788166
"52940209",1884.67190821046
"677047880782607284",1714.09723128776
"892314474725715239",2038.2426913621
"41958233",1797.83942217373
"957450266512722285",1795.69066457883
"629259683606195319",2003.6353444344
"1092176",1718.09600785902
"23056643",1912.87488139074
"46292342",1429.98701722517
"993523037770138586",1499.21664707393
"8736944",1922.91377846283
"782611575046081777",1787.60657549546
"17302474",1810.90039121177
"563115181211622654",2087.5762625787
"968116856616973433",1452.85827947242
"1021290912968953815",1882.20194654179
"14194524",1788.58193797311
"702281737808303979",1361.69444256874
"53338639",1908.50441604413
"780599393228932130",1875.21831362433
"27641406",1908.50441604413
"756871298880801904",1924.78198815162
"18650443",1704.74654131582
"749547956286953697",1972.50157681246
"3168686",1872.00167564577
"38977330",1974.73827181392
"40557835",1842.42540850097
"1040106486965970691",1715.92591529534
"1000876439117206130",1717.85282454839
"688443968489123584",2010.44013441817
"969653392389060980",1871.62977190589
"903202768637136999",2022.65587626185
"11688698",1845.76540350018
"24134940",1819.63014526852
"33687129",1858.23895048061
"862891756653598744",1985.19632795953
"745025767777116821",1714.09723128776
"51747629",1890.29501408097
"48167443",1631.27613769989
"42301804",1905.61405216456
"26160268",1901.5113860231
"835784871538797794",1709.27995815514
"36557638",1669.82649728356
"1029826080780454158",1708.21827828315
"1006111949856415760",1718.81627917491
"3994011",1785.25324174807
"51456497",2009.85614041614
"1029739696773957586",1732.97342283636
"861778263366195328",1714.09723128776
"47549583",1908.50441604413
"995998637395824376",1714.09723128776
"27393918",1932.815620046
"708648709451898433",2020.02945444884
"974033996678481217",1829.26752600979
"50807299",1873.27711297482
"27268683",1908.50441604413
"24066913",1623.27604877591
"27561314",2016.81509158654
"639042332403169021",1723.43830301334
"926762637781525027",1852.86276544555
"974565104288695749",1858.85098524441
"913972308748448291",1969.55739467062
"53595567",1957.55694772664
"919882207484674798",1974.27523388121
"39321923",1820.40940697004
"4630113",1999.88254859067
"49417587",1780.01003612712
"869801239501689123",1853.77108466826
"53009047",1932.70408277736
"3812348",1452.137494598
"1016713565660155853",1713.13377666123
"736116744137852547",1956.94195240287
"771366",1905.57826442587
"28955616",1839.37634086163
"603626814689298469",1868.68472274628
"40180166",1991.01871940537
"40923455",1974.91814325552
"574531787170117608",1956.20640931453
"51248997",2016.54373417918
"748993882666940231",1911.16918836268
"608252515654744309",2051.89664268267
"53230371",1886.66288995068
"42449531",1735.88698324221
"36988462",1838.91949663544
"1016025337079336296",1747.60749341474
"35809857",1716.41966202619
"720901803527787917",1966.52628056374
"893875511669747229",1560.05148804068
"28987551",2014.6896904523
"922651416658124004",1930.09404006235
"776514171059457790",2102.29597613372
"52740677",1907.88703401192
"33299354",1813.34138846522
"26801360",1660.46205794154
"7741348",1775.03983151678
"13095272",1710.81166837814
"829564085300659046",1718.81627917491
"735770656582654631",1997.34542448457
"17734782",1904.16221603327
"5638429",1723.81147829445
"17964143",2015.01256245417
"24653941",1936.75226537917
"568808881399597264",1933.66575774681
"48547310",1952.20893576491
"885855032997487841",1843.99459100128
"3100878",1993.0507166937
"954560881599662250",1924.94229168592
"41530441",2142.46389519962
"774867293948514142",1825.10287020735
"750063404491358773",2011.98995914592
"30768655",1818.06599768264
"12213507",1885.40078943113
"637770635296994623",1971.60402609382
"1041627212949511129",1889.66881116557
"51194450",1762.68192793404
"638309253284807578",2054.01239071525
"17611127",1886.71645437047
"993815278064103878",2010.64052286951
"29659260",1908.50441604413
"51018159",1950.0350169544
"636541707361749311",1608.95636747734
"843794414647022682",1741.47699104526
"1022662630374435598",1727.95969921282
"997243378260024440",1717.75459930292
"976282778777619243",1423.76890249968
"1014577619472409507",1872.79726722481
"1026949339160938352",1799.04009325649
"2966088",1722.59568223363
"994372673953366075",1966.77973550922
"947192833308451119",1891.98736006978
"36615837",1934.357004702
"41710817",1907.54096141761
"800935892830608949",1850.9619084701
"29902621",1908.50441604413
"6416686",1573.41961250637
"53868586",1934.32984716419
"656052900229080988",1747.13056649782
"921098999467417118",1674.13161734727
"4418911",1946.46116794895
"967662702180312646",1806.47087913541
"35091087",1958.57263922723
"44021555",1866.90205786795
"12294424",1912.78020941464
"47406734",1870.16171381906
"53421362",2082.05031553131
"3679016",1924.00018044261
"585747588926620776",1995.74307183947
"958675830485818845",1873.73376744685
"679042188518315058",1955.39685819564
"37493589",1893.08897173353
"937795357591962024",1736.72901609699
"53531830",2019.89256141333
"898088289157936718",1939.80610232676
"865532956654984560",1838.81945192752
"927505979510017080",1863.16609060091
"744990487628780430",1271.82151128396
"881910130441121868",1830.45889654436
"626670584936455248",2017.47326115415
"6692629",2018.08521669915
"695504265229487008",1976.46199541113
"36104697",1908.50441604413
"1043142687866502122",1772.55448994116
"1040615604622734234",1766.00675804643
"801024168663683393",1715.92591529534
"1001668494313338968",1712.17032203471
"46372111",1993.75079874693
"52639645",2019.69264685611
"17580870",1872.12836256822
"1005663281001463884",1843.92559857259
"33073432",1899.43936990062
"794280165133001580",1673.53391172831
"906165847219498378",1846.44270595598
"45998307",1891.92977352907
"9237061",1538.87290804336
"6993905",1924.86165938821
"28154661",1776.9958681051
"967515496905922725",1897.26104360918
"27837513",1991.21433641191
"1020622742027577613",1831.94583450047
"833952751887096562",1806.54341525499
"45941161",1908.50441604413
"782725694993661305",1559.78759654301
"4699429",1852.38107944143
"39511588",1819.79873676862
"54271255",2008.39011694183
"888362047495421930",1863.50107470506
"53026140",2059.82946130342
"27257931",924.959990420294
"1016117395250384714",1839.46535857875
"43533212",2007.10250157292
"971180841745973748",1901.06158570153
"14127036",1776.85638383025
"1011165223778812926",1752.69137434531
"461370",1641.27762396971
"702569746591193300",1844.72263042176
"49469128",1795.23269807131
"613327802223607485",1928.82074656136
"755921598792885202",1933.85921375423
"927517572912592731",922.035802042367
"28317472",1851.84366633419
"6452450",1900.13026138951
"26342358",1656.5416407449
"968103912595228590",1714.09723128776
"894135724044874473",1845.51709694162
"1014463888926310646",1609.82888330418
"32982427",1648.66724646032
"902283687852576357",1886.79072876144
"51476043",1981.14956076208
"781526387244147505",1929.36404781725
"4104870",1666.11924576145
"944976798774137912",1999.2682186053
"13829747",1698.81323468607
"1011109642554622116",1836.08695870411
"43817461",1878.16724553719
"53046207",1864.51767510031
"33340994",1655.59950490186
"9562576",1831.04799305778
"43501445",1908.50441604413
"8743634",1705.1412765166
"45723370",1495.10866498736
"18735027",1882.05881625724
"868105255970935888",1540.96184308535
"8255521",1742.41151861067
"377706",1825.04103616626
"54343169",1895.42105714698
"898079222122228915",1696.75504801034
"711496274723040660",2011.33027789302
"694875479872586956",-35.1066255978956
"37261304",1975.42047029759
"702079179822599606",1679.2775657966
"759391143392781156",1679.75043922801
"33098749",1845.40100093388
"34874854",2020.29600997734
"24413898",1731.93766945108
"35304",1542.74767145721
"945270589226266186",1601.47425851917
"744961251977035854",1890.23743417344
"39172904",1989.32261474771
"994579254207808808",1438.5464616367
"14607432",1729.09245220698
"563248180261220836",1960.43044159482
"36078854",1908.50441604413
"866623099520556575",2083.35106475869
"3342823",1585.21589028007
"940583140519534024",1714.84678945009
"24993810",1834.16830122499
"1000013089813316590",1768.05578714404
"687627343249251747",1870.31513596382
"21045621",1837.22302769523
"507767",1799.19033765486
"47292724",1678.32243791643
"948032080763257631",1668.81486384116
"680334719746978812",1972.66762306431
"51324665",1868.93175596314
"34343991",1894.1947081448
"45028703",1734.1326080509
"710286970796220640",1869.55662335814
"765210232672973577",2023.69607965675
"1360765",1727.07359128858
"726829619548053751",1908.50441604413
"1034146682721688246",2016.97907278247
"679037303886725371",1978.39968424337
"34900603",2017.65416609239
"793384773896731046",1798.07663862997
"876124865050413306",1732.96214787268
"14535292",1971.51728368456
"682957147160819942",1611.1170462148
"1042103078956150583",1868.83141379148
"711908882319965486",1825.62226969247
"934129539051920012",1835.67336204671
"853607704195379789",1715.02373322556
"27738173",2012.16493234045
"659040153442647734",1924.23607196743
"896346352678055576",2031.56908863836
"15312395",1804.18132619292
"49093947",1901.75411434913
"48611956",1851.26131714782
"1011187750956360185",1785.72470955537
"28053100",1911.06694141747
"35869904",1797.78316480236
"803767891405757191",1700.24942538246
"24503070",1955.40185641014
"16233697",1571.47641625838
"514444008042828499",1774.31244566858
"23527106",1935.61388252196
"50958386",1904.57803433569
"932904660689998973",1764.66048747292
"732108046088834881",2023.74130589131
"47344582",2108.37052855278
"895820181126266695",1706.29136903011
"908772160503959142",1359.94872525504
"841992855797021992",1847.32498641442
"37209961",1861.50815788834
"28107117",1896.59305842787
"12604369",1801.03424100171
"635567434949366572",1652.84699604097
"653231046834017130",2031.6100703416
"732954152878008420",1904.80941070478
"700360486474313397",1790.3728219145
"13659871",1952.73151554468
"897919706570362967",2004.84449102174
"13998682",1927.77199549922
"32312468",1897.37644817776
"47870299",2020.50817365676
"37807603",1934.83502263988
"21577211",1659.19026128375
"992180635524620061",1829.12877943824
"714426707514819432",1713.13377666123
"740166355594264154",1658.2308637056
"776888971351739583",1889.26408022293
"17195893",1776.25189587262
"757304615588117949",2073.60564031287
"735257994956515880",1874.71461192342
"22434983",1853.04089059467
"933384461183132776",1937.0333587043
"35045926",1863.10074677438
"23482505",1712.09844563258
"8252104",1849.99498541708
"964633786107362007",1842.5120578948
"6468462",1987.80267124908
"52820683",2117.14628036457
"569162770621083690",1881.50128434624
"42671966",2016.69071146587
"5631903",1908.58172489888
"671784023252600509",1998.16419628776
"25750741",2017.74607314007
"552948063129239677",2029.62675551527
"839056487729299204",1892.33089076528
"27112358",1896.59305842787
"21391849",1900.53653958253
"674621989064636219",1797.98780356855
"42842762",1816.45057934576
"35773343",2025.75279692368
"970439991463445612",1863.85927840048
"54391818",1739.62156458283
"27509280",1787.53628582691
"611761793841869482",1807.17896840415
"705778708633220567",1964.94513083976
"975614034380256893",1719.68150855597
"19408516",2013.41356732858
"653111931586097955",2147.62486693994
"943498343696854101",1984.44297109904
"22569894",1908.50441604413
"44016081",2011.82821209869
"772625083598946338",1717.39641217394
"963008407445041328",1725.93456471431
"54342824",1786.18015378569
"7639521",1559.1333125491
"889157526291436732",1895.98401675227
"1043555010873166927",1713.99900604229
"914828199130851380",1818.20462954949
"44379773",1723.53532706206
"42715387",1556.48308178631
"874598062923367204",1864.49605186539
"51217071",2015.86057663895
"855891766061703141",1917.58003745272
"813141036861666339",1907.66903692765
"30557868",1951.58507042267
"979265346950845617",1809.48724220943
"27554125",1815.04411104513
"586527360182677089",1713.16624365262
"24290071",1954.31450981284
"944898960014418599",1852.6722763283
"1936740",1715.92591529534
"11512985",1770.86233297164
"787525129882674319",1705.42613964905
"23274503",1854.7789531789
"1025583851443203174",1759.27016780659
"51445585",1958.59999724873
"770037437586709007",1895.20954639053
"20761423",1669.74445630231
"860078034305335575",2008.05053412751
"9315705",1929.21940222281
"688688410004435455",1701.57232114295
"986615721167826658",1879.26340384635
"40622234",2017.47326115415
"910792504538098550",1816.75285500786
"35614424",1841.3156350116
"953672723424856595",1893.23864807961
"42318659",1668.28909242279
"731298385030157900",2063.59516302614
"777845719535661781",1718.81627917491
"838756003615851523",2020.19013543628
"818776253504919317",1849.67404367898
"5347437",1545.68175074466
"1022525123815533284",1910.67440383164
"779192581454708786",2050.74501352369
"686093412015816360",1740.03617525347
"956019044286668896",1995.67741018524
"774764042569967907",1714.09723128776
"45846446",1915.51219834662
"35582089",1919.89904027718
"937743991553670727",1780.36000732715
"13831080",1977.3236760089
"659986",1687.86092693148
"1011027625250669279",1494.46036594341
"18487637",1869.24240355538
"45105289",1755.15418044802
"922048853171442608",1848.56825190169
"26755517",1980.29611188882
"858780834714802319",2020.78467389572
"37832713",2011.50290611172
"40483667",1908.50441604413
"988084293034320864",1417.72664078999
"48311778",1936.17649299861
"731525183887783714",2064.44267455015
"689768447284830545",1735.75303115795
"34068839",2015.86143001268
"8656743",1629.71316960311
"1039837151925950832",1702.53577576948
"13358432",1792.84623681819
"745524390513431446",1720.20534838978
"1022887813151486194",1979.22668968526
"41453394",1530.91570686294
"24918275",1624.36399382764
"54335389",1739.1096473627
"793019747797442593",1782.64950852685
"31178487",1907.54096141761
"38160401",1650.65337885976
"24972517",1983.58685127242
"1003745090356162116",1868.79091389657
"3138351",1827.75750774826
"53989770",2008.41342469296
"18527181",1821.44086465661
"926245977091142008",1912.42270748668
"891523792539994243",2068.89530882312
"883766402448845072",1624.70538689746
"754474494838555627",1797.12037786182
"52922381",1779.36249839085
"870345135525475141",1908.50441604413
"12754577",1908.50441604413
"16302576",2008.2434415898
"1004283782586351397",1886.34495963409
"690166406246340329",1802.43417843277
"1001237630871589276",1743.1008833274
"51435213",1963.81648208815
"679236156119656441",1615.10456874545
"20235568",1745.05014367685
"698850712096141475",1528.56235902777
"943727293662506572",1959.99468881888
"562273398233310583",1936.97551571169
"51453218",1910.78225255855
"882820464624804659",1912.55624076714
"715404243365272214",1785.02336901447
"47328611",1825.48119303594
"20586963",1914.14992494484
"658165734146739635",2088.19337685609
"976255006439000780",1768.79287323308
"21913",1683.8651975394
"978326620963810661",2015.19642595377
"6364673",1789.27948059211
"959529110487453427",1604.2315365432
"1011204750061662371",1875.32317474511
"664084044932877091",1839.93524872082
"46814336",2010.5526928672
"819885558177176872",2004.01765249003
"694857320391184517",1724.36044317512
"937645384668108165",1954.33847353633
"723174972783640817",1963.93651860765
"933451668935657101",1904.56720381689
"42743449",1821.08665742064
"1018937441498951847",1946.8066257836
"573217195003184747",1704.36445977706
"24448342",1851.04405554403
"988652996758441490",1742.41151861067
"877751497644643812",1929.82483736952
"866976300595521910",2061.62824123001
"28311114",1643.15094797665
"1006161482028441543",912.740951057722
"33310791",1817.64719041765
"45347643",2101.57466227884
"802927388053524873",1934.80830130395
"22310305",1805.80356674559
"924246213244772259",1653.44854458578
"894928248932291492",1832.54808740913
"28227836",1992.69974708594
"1005769316812466951",1873.51796015824
"47095909",1489.36751916707
"21853186",1936.24847724746
"788529677978865032",1827.4661418172
"1003224578872304385",1758.24907460465
"15648459",1877.61797020906
"12798674",1854.6887834934
"50092099",1822.18177565737
"51468414",1827.99059084729
"15008574",1915.30283718644
"248014",1950.70650052368
"892832608717740339",1707.35304890209
"448104",1645.73068878739
"1000292418610835657",1908.50441604413
"551448362493059866",1935.57065373604
"21140065",1724.79894788901
"953837293304150686",1930.38722148942
"34538696",1853.80328447284
"37687267",1908.50441604413
"34929386",1967.48292448625
"40904332",1931.00574027049
"906495487858698325",910.493775318979
"871938222700272619",900.821775595529
"703167656545973227",1914.40377503327
"125176",1528.70771259282
"546992172231995022",1863.65792670972
"755558",1889.38520697437
"22505866",1887.04350480709
"44181633",2017.65416609239
"814537539514681800",1908.50441604413
"3971726",1804.83303837866
"39954476",1855.98912201654
"50092727",2148.99134745767
"931366114493009795",1830.5118190256
"36005894",1840.26900953612
"21163623",1907.75880197365
"995975121236852447",2016.97907278247
"755885807689048946",1713.13377666123
"749925573670595678",1952.87323606338
"51465302",2114.70275194556
"1021355010951172752",1857.16778422697
"842375989109963840",2018.21209478605
"34179989",1821.39922596909
"48258110",2076.57637361563
"50007462",1969.06066672801
"851553094309845658",1602.73525059496
"881866425095040351",1687.69105538977
"753809687233713202",1699.54718664444
"4588807",1711.63565202129
"945911324848298814",1840.27494245651
"766977627250888021",1735.76556147047
"41696939",1658.24968903008
"838836701465376791",1727.00972703561
"52202007",1830.18849223505
"46549009",1698.95106895654
"1034111161307090550",1379.21531539663
"749463145258836431",1911.18393747198
"832137825019254833",2036.85194237282
"865249520880072777",2037.42861914
"874633861077921368",2012.46960944781
"1042285463819910552",1889.66881116557
"14831562",1958.50309978576
"805064294975438980",1967.76582467141
"903155509561260454",2020.59717154733
"5761885",2017.69939232695
"5961772",1908.50441604413
"39966440",1883.79172577468
"52477526",1908.50441604413
"50882256",1816.2176129645
"50645581",1890.75720755821
"54054764",1583.75726121886
"15041985",1705.95819906989
"921788305000768403",1900.83642596478
"681977772633720398",1785.8243102769
"715315237221795674",1944.56043708139
"4318059",1781.66387918569
"18416795",1920.6169793055
"22032043",1896.40135734395
"40160433",1936.24269233274
"21281197",1848.96485319146
"873347642082088860",1796.05150413145
"42720667",899.884833279755
"880607026059023784",1931.7214796115
"4679955",1827.78965672457
"19946831",1942.91710815279
"968207932749862784",1833.94252764658
"925648624985397790",1699.54670802699
"933503883855879047",2031.92313975383
"28220710",1918.22275163334
"1019844928155516711",1861.4323054769
"858609833316364347",1841.1285057174
"1000252377362444636",1713.13377666123
"35572828",1870.94616918185
"679251094277265342",902.640645436501
"54163567",2104.76585269749
"831887238207567105",1696.75504801034
"32587632",1769.16979865177
"41113261",2009.65023319414
"29548839",1853.91093232006
"42202219",1627.83536742053
"33288404",1915.78684540583
"681208131918140413",1993.32453060763
"849324342182298761",1777.43658485887
"28604839",1864.23000204796
"29765542",1745.37645259555
"43606103",1800.90219638023
"23205966",1908.66320504191
"827768631980392538",1712.17032203471
"1995592",1648.05601341533
"52706178",2019.11767763976
"829276983804768957",1908.50441604413
"720212490867839664",2007.44452298113
"585568481664319320",1979.8568565166
"674891436783527030",1971.55578612832
"979115090468996112",1756.05592313974
"627789510779552820",1657.64741079221
"14112559",1864.152725521
"961006",1702.31977026739
"26574530",1689.5318849832
"887967136695027458",1942.52947629014
"37130562",1978.13010597497
"949683989024178012",1841.67154585968
"46802773",1557.40131017827
"2532975",1793.05205816079
"49215656",1734.19582287163
"9761890",2026.45340184049
"1020468885295007329",1811.47642168011
"937985466918948775",1936.3893948369
"713049769583561030",1987.13756620355
"18773655",1839.1678569121
"35493651",1849.8084669178
"759718085882883202",1887.93221848007
"23559355",1742.08508802972
"18809180",1800.96812640666
"23631177",1659.7224397321
"19050386",2014.04910782765
"36007371",1668.92731321953
"892121509051430866",1878.17728111775
"1040964779164833733",1788.37457342347
"1008752347711818081",1647.61886205765
"25193115",1769.15413634576
"25080824",2015.72725683935
"958238894237639823",1714.09723128776
"756733561202282784",1905.89355180932
"739998589335684219",1895.15647588462
"575441480842553082",1618.65994812972
"52269475",1827.73989805037
"829783053362364517",2149.58665973006
"53204972",2086.82144138295
"22251747",1930.49240118192
"732862632185724337",903.920683704949
"772518170946106661",1810.41081975505
"7027063",2008.42434652805
"51985429",1858.06552364799
"15161567",1676.51992293014
"2997414",1964.16033681307
"26756317",1784.89744903138
"765954895505819490",1833.29899717869
"8685139",1780.53349071578
"680466458223299651",1953.43664420558
"843789431473187496",1955.68731919804
"19805434",1499.63032491401
"39991541",1962.43796516577
"25521321",2017.69939232695
"1027961088845910273",1871.45940920242
"1010341736303527888",1771.56756589392
"999302847719165315",1747.60749341474
"572359625603226701",1885.58274399112
"1365609",1866.80679408656
"582833790411644565",2052.84001910204
"960162769816303180",1779.29735736546
"963934821067372815",1460.74088869772
"52708672",1908.50441604413
"1006621523563827818",1803.13077742595
"50780994",1228.98501106497
"901719065426958617",1879.3713289631
"1018239809258742149",1874.4924684543
"2163742",1733.29724544056
"35466121",1955.53169014725
"612209813935397709",2017.51848738871
"1022823775402664295",1647.5372537818
"975995957512179640",1822.95107447874
"989776083447399183",1714.09723128776
"1038642795987491666",1715.10886473016
"1026850572883997693",1703.499230396
"969708925511036055",1656.03910703583
"32420319",1932.90093829276
"1038413325241000258",1821.99364329967
"966221396225646994",1883.0371256635
"18769488",1977.15856634576
"10541223",1869.63855096633
